[
  {
    "user_id": "test-e2e-user",
    "confirmation_token_hash": "da7df3ea74657b84f2a1d92cee10e7b754a905dd3768adab494f57d30052b2db",
    "requested_at": "2026-02-10T23:44:18.351Z",
    "status": "cancelled",
    "created_at": "2026-02-10T23:44:18.351Z",
    "updated_at": "2026-02-14T21:12:42.140Z",
    "id": "uulnegh2vx"
  },
  {
    "user_id": "test-e2e-user",
    "confirmation_token_hash": "0e0ef47b7b24116d66b2f937504da01020e99ee9bca421ffe2f433d879d38828",
    "requested_at": "2026-02-14T21:12:42.143Z",
    "status": "cancelled",
    "created_at": "2026-02-14T21:12:42.143Z",
    "updated_at": "2026-02-14T21:13:13.174Z",
    "id": "qp12mmo09da"
  },
  {
    "user_id": "test-e2e-user",
    "confirmation_token_hash": "e04b9dc19283d05ba39c80cbd711fc4426a1690d3047b5a3cd81c01df503b15d",
    "requested_at": "2026-02-14T21:13:13.176Z",
    "status": "confirmed",
    "created_at": "2026-02-14T21:13:13.176Z",
    "updated_at": "2026-02-14T21:13:13.220Z",
    "id": "s7fp1mofrv",
    "confirmed_at": "2026-02-14T21:13:13.220Z"
  }
]