[
  {
    "user_id": "test-e2e-user",
    "cidr": "127.0.0.1/32",
    "label": "Localhost",
    "created_at": "2026-02-10T22:25:20.622Z",
    "updated_at": "2026-02-14T21:11:50.384Z",
    "id": "t29u4lzeias",
    "deletedAt": "2026-02-14T21:11:50.384Z"
  },
  {
    "user_id": "test-e2e-user",
    "cidr": "127.0.0.1/32",
    "label": "Localhost",
    "created_at": "2026-02-10T22:26:18.526Z",
    "updated_at": "2026-02-14T21:11:50.384Z",
    "id": "4c22ycpkjqp",
    "deletedAt": "2026-02-14T21:11:50.384Z"
  },
  {
    "user_id": "test-e2e-user",
    "cidr": "127.0.0.1/32",
    "label": "Localhost",
    "created_at": "2026-02-10T22:26:32.812Z",
    "updated_at": "2026-02-14T21:11:50.384Z",
    "id": "u1epkb4dex",
    "deletedAt": "2026-02-14T21:11:50.384Z"
  },
  {
    "user_id": "test-e2e-user",
    "cidr": "127.0.0.1/32",
    "label": "Localhost",
    "created_at": "2026-02-10T22:27:05.729Z",
    "updated_at": "2026-02-14T21:11:50.383Z",
    "id": "2udzwb75ly8",
    "deletedAt": "2026-02-14T21:11:50.383Z"
  },
  {
    "user_id": "test-e2e-user",
    "cidr": "127.0.0.1/32",
    "label": "Localhost",
    "created_at": "2026-02-10T22:28:00.015Z",
    "updated_at": "2026-02-14T21:11:50.383Z",
    "id": "lp1e5okg0f",
    "deletedAt": "2026-02-14T21:11:50.383Z"
  },
  {
    "user_id": "test-e2e-user",
    "cidr": "127.0.0.1/32",
    "label": "Localhost",
    "created_at": "2026-02-10T22:28:16.612Z",
    "updated_at": "2026-02-14T21:11:50.383Z",
    "id": "krz5hgkk9zf",
    "deletedAt": "2026-02-14T21:11:50.380Z"
  }
]