[
  {
    "user_id": "test-e2e-user",
    "name": "Mail Client",
    "password_hash": "$argon2id$v=19$m=65536,t=3,p=4$tQnYg3qRsWsTPRUUDGIC4Q$o+Fb2ewLk6NU88ZuX3bt13yFAdelfWpMyujEMzgs8kI",
    "last_used_at": null,
    "created_at": "2026-02-10T22:25:20.668Z",
    "updated_at": "2026-02-10T22:25:20.668Z",
    "id": "mtzoiylhnj"
  },
  {
    "user_id": "test-e2e-user",
    "name": "Mail Client",
    "password_hash": "$argon2id$v=19$m=65536,t=3,p=4$Psaad669Ph0MHM6C5D3iSw$FdUIDeEkRH7+lsF9DyPX4iRwRh2UuvF4KAXUdnB58S8",
    "last_used_at": null,
    "created_at": "2026-02-10T22:26:18.562Z",
    "updated_at": "2026-02-10T22:26:18.562Z",
    "id": "pu7sz32suqf"
  },
  {
    "user_id": "test-e2e-user",
    "name": "Mail Client",
    "password_hash": "$argon2id$v=19$m=65536,t=3,p=4$SOc7++x8uW/aNXOkCBbJ4w$r6oV6vsw+ifZabDwOXklK7JEDKm+5TA7qjRBYCTKjds",
    "last_used_at": null,
    "created_at": "2026-02-10T22:26:32.885Z",
    "updated_at": "2026-02-10T22:26:32.885Z",
    "id": "vw9syg4waw"
  },
  {
    "user_id": "test-e2e-user",
    "name": "Mail Client",
    "password_hash": "$argon2id$v=19$m=65536,t=3,p=4$3B3MhMLlt9JDBNpQ216jAw$AYe133RXGxGYho/WYK8uj8Wb+y43iBSVUghvgPgpYDM",
    "last_used_at": null,
    "created_at": "2026-02-10T22:27:05.776Z",
    "updated_at": "2026-02-10T22:27:05.776Z",
    "id": "j5a2ox6xkgp"
  },
  {
    "user_id": "test-e2e-user",
    "name": "Mail Client",
    "password_hash": "$argon2id$v=19$m=65536,t=3,p=4$PZI0eeUsHOR9D8MVbcxp5w$9KuXA7SGMMzLunUe16tm5ElEXiPM1JGHK/pRHXZx9FE",
    "last_used_at": null,
    "created_at": "2026-02-10T22:28:00.120Z",
    "updated_at": "2026-02-10T22:28:00.120Z",
    "id": "x1cpzlix6zm"
  },
  {
    "user_id": "test-e2e-user",
    "name": "Mail Client",
    "password_hash": "$argon2id$v=19$m=65536,t=3,p=4$YKqVk/A4cLjQdGVzI/66vA$pX8dlSLgkh/RHQZJidDtV4QqhagJwYuMxI9w2wBWqKQ",
    "last_used_at": null,
    "created_at": "2026-02-10T22:28:16.703Z",
    "updated_at": "2026-02-10T22:28:16.703Z",
    "id": "oy4y8nilyp"
  }
]