[
  {
    "timestamp": "2026-02-10T02:20:03.244Z",
    "actorUid": "test-e2e-user",
    "actorEmail": "test@example.com",
    "actorRole": "SUPER_ADMIN",
    "action": "CREATE_TASK",
    "targetType": "task",
    "targetId": "wdyi4i0rg2",
    "details": {
      "title": "Audited Task Final"
    },
    "ip": "unknown",
    "userAgent": "unknown",
    "id": "vowrv8or3u"
  },
  {
    "timestamp": "2026-02-10T02:20:44.150Z",
    "actorUid": "test-e2e-user",
    "actorEmail": "test@example.com",
    "actorRole": "SUPER_ADMIN",
    "action": "UPDATE_TASK",
    "targetType": "task",
    "targetId": "wdyi4i0rg2",
    "details": {
      "updates": [
        "title",
        "description",
        "status",
        "priority",
        "category"
      ]
    },
    "ip": "unknown",
    "userAgent": "unknown",
    "id": "is0duge1w7m"
  },
  {
    "timestamp": "2026-02-10T22:25:20.622Z",
    "actorUid": "test-e2e-user",
    "actorEmail": "test@example.com",
    "actorRole": "SUPER_ADMIN",
    "action": "ADD_ALLOWED_IP",
    "targetType": "allowed_ip",
    "targetId": "t29u4lzeias",
    "details": {
      "cidr": "127.0.0.1/32"
    },
    "ip": "unknown",
    "userAgent": "unknown",
    "id": "kl11h51cpmi"
  },
  {
    "timestamp": "2026-02-10T22:25:20.668Z",
    "actorUid": "test-e2e-user",
    "actorEmail": "test@example.com",
    "actorRole": "SUPER_ADMIN",
    "action": "GENERATE_APP_PASSWORD",
    "targetType": "app_password",
    "targetId": "mtzoiylhnj",
    "details": {
      "name": "Mail Client"
    },
    "ip": "unknown",
    "userAgent": "unknown",
    "id": "k7t1t0ob0w"
  },
  {
    "timestamp": "2026-02-10T22:26:18.526Z",
    "actorUid": "test-e2e-user",
    "actorEmail": "test@example.com",
    "actorRole": "SUPER_ADMIN",
    "action": "ADD_ALLOWED_IP",
    "targetType": "allowed_ip",
    "targetId": "4c22ycpkjqp",
    "details": {
      "cidr": "127.0.0.1/32"
    },
    "ip": "unknown",
    "userAgent": "unknown",
    "id": "wsjnxjmyqps"
  },
  {
    "timestamp": "2026-02-10T22:26:18.562Z",
    "actorUid": "test-e2e-user",
    "actorEmail": "test@example.com",
    "actorRole": "SUPER_ADMIN",
    "action": "GENERATE_APP_PASSWORD",
    "targetType": "app_password",
    "targetId": "pu7sz32suqf",
    "details": {
      "name": "Mail Client"
    },
    "ip": "unknown",
    "userAgent": "unknown",
    "id": "1qz1bbqd9fzh"
  },
  {
    "timestamp": "2026-02-10T22:26:32.807Z",
    "actorUid": "test-e2e-user",
    "actorEmail": "test@example.com",
    "actorRole": "SUPER_ADMIN",
    "action": "ADD_EMAIL",
    "targetType": "email",
    "targetId": "otnq2f7bq8",
    "details": {
      "email": "test-1770762392792@example.com"
    },
    "ip": "unknown",
    "userAgent": "unknown",
    "id": "btwb9mtwpwt"
  },
  {
    "timestamp": "2026-02-10T22:26:32.813Z",
    "actorUid": "test-e2e-user",
    "actorEmail": "test@example.com",
    "actorRole": "SUPER_ADMIN",
    "action": "ADD_ALLOWED_IP",
    "targetType": "allowed_ip",
    "targetId": "u1epkb4dex",
    "details": {
      "cidr": "127.0.0.1/32"
    },
    "ip": "unknown",
    "userAgent": "unknown",
    "id": "b0k10q1nwk5"
  },
  {
    "timestamp": "2026-02-10T22:26:32.886Z",
    "actorUid": "test-e2e-user",
    "actorEmail": "test@example.com",
    "actorRole": "SUPER_ADMIN",
    "action": "GENERATE_APP_PASSWORD",
    "targetType": "app_password",
    "targetId": "vw9syg4waw",
    "details": {
      "name": "Mail Client"
    },
    "ip": "unknown",
    "userAgent": "unknown",
    "id": "4qhgpoc41w"
  },
  {
    "timestamp": "2026-02-10T22:27:05.725Z",
    "actorUid": "test-e2e-user",
    "actorEmail": "test@example.com",
    "actorRole": "SUPER_ADMIN",
    "action": "ADD_EMAIL",
    "targetType": "email",
    "targetId": "ezdx63v518h",
    "details": {
      "email": "test-1770762425724@example.com"
    },
    "ip": "unknown",
    "userAgent": "unknown",
    "id": "bwp1v0lshfs"
  },
  {
    "timestamp": "2026-02-10T22:27:05.729Z",
    "actorUid": "test-e2e-user",
    "actorEmail": "test@example.com",
    "actorRole": "SUPER_ADMIN",
    "action": "ADD_ALLOWED_IP",
    "targetType": "allowed_ip",
    "targetId": "2udzwb75ly8",
    "details": {
      "cidr": "127.0.0.1/32"
    },
    "ip": "unknown",
    "userAgent": "unknown",
    "id": "f9lnloy4jqr"
  },
  {
    "timestamp": "2026-02-10T22:27:05.730Z",
    "actorUid": "test-e2e-user",
    "actorEmail": "test@example.com",
    "actorRole": "SUPER_ADMIN",
    "action": "UPDATE_PREFERENCES",
    "targetType": "user",
    "targetId": "test-e2e-user",
    "details": {
      "keys": [
        "theme",
        "lang"
      ]
    },
    "ip": "unknown",
    "userAgent": "unknown",
    "id": "5dsuyjjllxa"
  },
  {
    "timestamp": "2026-02-10T22:27:05.776Z",
    "actorUid": "test-e2e-user",
    "actorEmail": "test@example.com",
    "actorRole": "SUPER_ADMIN",
    "action": "GENERATE_APP_PASSWORD",
    "targetType": "app_password",
    "targetId": "j5a2ox6xkgp",
    "details": {
      "name": "Mail Client"
    },
    "ip": "unknown",
    "userAgent": "unknown",
    "id": "jh4morddkln"
  },
  {
    "timestamp": "2026-02-10T22:28:00.010Z",
    "actorUid": "test-e2e-user",
    "actorEmail": "test@example.com",
    "actorRole": "SUPER_ADMIN",
    "action": "ADD_EMAIL",
    "targetType": "email",
    "targetId": "cynbbdg5dvj",
    "details": {
      "email": "test-1770762480006@example.com"
    },
    "ip": "unknown",
    "userAgent": "unknown",
    "id": "p44acphm0yh"
  },
  {
    "timestamp": "2026-02-10T22:28:00.015Z",
    "actorUid": "test-e2e-user",
    "actorEmail": "test@example.com",
    "actorRole": "SUPER_ADMIN",
    "action": "ADD_ALLOWED_IP",
    "targetType": "allowed_ip",
    "targetId": "lp1e5okg0f",
    "details": {
      "cidr": "127.0.0.1/32"
    },
    "ip": "unknown",
    "userAgent": "unknown",
    "id": "pposffpc2nm"
  },
  {
    "timestamp": "2026-02-10T22:28:00.016Z",
    "actorUid": "test-e2e-user",
    "actorEmail": "test@example.com",
    "actorRole": "SUPER_ADMIN",
    "action": "UPDATE_PREFERENCES",
    "targetType": "user",
    "targetId": "test-e2e-user",
    "details": {
      "keys": [
        "theme",
        "lang"
      ]
    },
    "ip": "unknown",
    "userAgent": "unknown",
    "id": "8ubiif0wcy"
  },
  {
    "timestamp": "2026-02-10T22:28:00.120Z",
    "actorUid": "test-e2e-user",
    "actorEmail": "test@example.com",
    "actorRole": "SUPER_ADMIN",
    "action": "GENERATE_APP_PASSWORD",
    "targetType": "app_password",
    "targetId": "x1cpzlix6zm",
    "details": {
      "name": "Mail Client"
    },
    "ip": "unknown",
    "userAgent": "unknown",
    "id": "qt1tiwlii2e"
  },
  {
    "timestamp": "2026-02-10T22:28:16.609Z",
    "actorUid": "test-e2e-user",
    "actorEmail": "test@example.com",
    "actorRole": "SUPER_ADMIN",
    "action": "ADD_EMAIL",
    "targetType": "email",
    "targetId": "2o7xgpbl8s8",
    "details": {
      "email": "test-1770762496607@example.com"
    },
    "ip": "unknown",
    "userAgent": "unknown",
    "id": "8bazy2zrkww"
  },
  {
    "timestamp": "2026-02-10T22:28:16.612Z",
    "actorUid": "test-e2e-user",
    "actorEmail": "test@example.com",
    "actorRole": "SUPER_ADMIN",
    "action": "ADD_ALLOWED_IP",
    "targetType": "allowed_ip",
    "targetId": "krz5hgkk9zf",
    "details": {
      "cidr": "127.0.0.1/32"
    },
    "ip": "unknown",
    "userAgent": "unknown",
    "id": "0vf59je34k49"
  },
  {
    "timestamp": "2026-02-10T22:28:16.613Z",
    "actorUid": "test-e2e-user",
    "actorEmail": "test@example.com",
    "actorRole": "SUPER_ADMIN",
    "action": "UPDATE_PREFERENCES",
    "targetType": "user",
    "targetId": "test-e2e-user",
    "details": {
      "keys": [
        "theme",
        "lang"
      ]
    },
    "ip": "unknown",
    "userAgent": "unknown",
    "id": "pw9nyive2x"
  },
  {
    "timestamp": "2026-02-10T22:28:16.672Z",
    "actorUid": "test-e2e-user",
    "actorEmail": "test@example.com",
    "actorRole": "SUPER_ADMIN",
    "action": "CHANGE_PASSWORD",
    "targetType": "user",
    "targetId": "test-e2e-user",
    "details": {},
    "ip": "unknown",
    "userAgent": "unknown",
    "id": "009kqjlyw0ps3"
  },
  {
    "timestamp": "2026-02-10T22:28:16.703Z",
    "actorUid": "test-e2e-user",
    "actorEmail": "test@example.com",
    "actorRole": "SUPER_ADMIN",
    "action": "GENERATE_APP_PASSWORD",
    "targetType": "app_password",
    "targetId": "oy4y8nilyp",
    "details": {
      "name": "Mail Client"
    },
    "ip": "unknown",
    "userAgent": "unknown",
    "id": "l7tm4r7jwnc"
  },
  {
    "timestamp": "2026-02-10T23:44:18.332Z",
    "actorUid": "test-e2e-user",
    "actorEmail": "test@example.com",
    "actorRole": "SUPER_ADMIN",
    "action": "LINK_ACCOUNT",
    "targetType": "linked_account",
    "targetId": "75c0pqrytyj",
    "details": {
      "provider": "github"
    },
    "ip": "unknown",
    "userAgent": "unknown",
    "id": "qjqz9tn0hap"
  },
  {
    "timestamp": "2026-02-10T23:44:18.336Z",
    "actorUid": "test-e2e-user",
    "actorEmail": "test@example.com",
    "actorRole": "SUPER_ADMIN",
    "action": "UNLINK_ACCOUNT",
    "targetType": "linked_account",
    "targetId": "75c0pqrytyj",
    "details": {
      "provider": "github"
    },
    "ip": "unknown",
    "userAgent": "unknown",
    "id": "56kxgq9mrk9"
  },
  {
    "timestamp": "2026-02-10T23:44:18.338Z",
    "actorUid": "test-e2e-user",
    "actorEmail": "test@example.com",
    "actorRole": "SUPER_ADMIN",
    "action": "CREATE_GROUP",
    "targetType": "group",
    "targetId": "h80l2ln7gxk",
    "details": {
      "name": "Project Alpha"
    },
    "ip": "unknown",
    "userAgent": "unknown",
    "id": "f662sija7i"
  },
  {
    "timestamp": "2026-02-10T23:44:18.341Z",
    "actorUid": "test-e2e-user",
    "actorEmail": "test@example.com",
    "actorRole": "SUPER_ADMIN",
    "action": "ADD_GROUP_MEMBER",
    "targetType": "group_member",
    "targetId": "wt8jucatgat",
    "details": {
      "groupId": "h80l2ln7gxk",
      "email": "alice@example.com"
    },
    "ip": "unknown",
    "userAgent": "unknown",
    "id": "2g4vqum00a3"
  },
  {
    "timestamp": "2026-02-10T23:44:18.345Z",
    "actorUid": "test-e2e-user",
    "actorEmail": "test@example.com",
    "actorRole": "SUPER_ADMIN",
    "action": "INITIATE_DPA",
    "targetType": "dpa_record",
    "targetId": "wooblcejbwo",
    "details": {
      "organizationId": "org-123"
    },
    "ip": "unknown",
    "userAgent": "unknown",
    "id": "7ma02xp644s"
  },
  {
    "timestamp": "2026-02-10T23:44:18.352Z",
    "actorUid": "test-e2e-user",
    "actorEmail": "test@example.com",
    "actorRole": "SUPER_ADMIN",
    "action": "REQUEST_ACCOUNT_CLOSURE",
    "targetType": "closure_request",
    "targetId": "uulnegh2vx",
    "details": {},
    "ip": "unknown",
    "userAgent": "unknown",
    "id": "8bp3n61zgph"
  },
  {
    "timestamp": "2026-02-14T21:12:42.141Z",
    "actorUid": "test-e2e-user",
    "actorEmail": "test@example.com",
    "actorRole": "SUPER_ADMIN",
    "action": "CANCEL_ACCOUNT_CLOSURE",
    "targetType": "user",
    "targetId": "test-e2e-user",
    "details": {},
    "ip": "unknown",
    "userAgent": "unknown",
    "id": "w3g7hd0spe"
  },
  {
    "timestamp": "2026-02-14T21:12:42.143Z",
    "actorUid": "test-e2e-user",
    "actorEmail": "test@example.com",
    "actorRole": "SUPER_ADMIN",
    "action": "REQUEST_ACCOUNT_CLOSURE",
    "targetType": "closure_request",
    "targetId": "qp12mmo09da",
    "details": {},
    "ip": "unknown",
    "userAgent": "unknown",
    "id": "sdnghmrp1r"
  },
  {
    "timestamp": "2026-02-14T21:13:13.175Z",
    "actorUid": "test-e2e-user",
    "actorEmail": "test@example.com",
    "actorRole": "SUPER_ADMIN",
    "action": "CANCEL_ACCOUNT_CLOSURE",
    "targetType": "user",
    "targetId": "test-e2e-user",
    "details": {},
    "ip": "unknown",
    "userAgent": "unknown",
    "id": "ncdo0gxvozj"
  },
  {
    "timestamp": "2026-02-14T21:13:13.176Z",
    "actorUid": "test-e2e-user",
    "actorEmail": "test@example.com",
    "actorRole": "SUPER_ADMIN",
    "action": "REQUEST_ACCOUNT_CLOSURE",
    "targetType": "closure_request",
    "targetId": "s7fp1mofrv",
    "details": {},
    "ip": "unknown",
    "userAgent": "unknown",
    "id": "ue8if39zweg"
  },
  {
    "timestamp": "2026-02-14T21:13:13.220Z",
    "actorUid": "test-e2e-user",
    "actorEmail": "test@example.com",
    "actorRole": "SUPER_ADMIN",
    "action": "CONFIRM_ACCOUNT_CLOSURE",
    "targetType": "user",
    "targetId": "test-e2e-user",
    "details": {},
    "ip": "unknown",
    "userAgent": "unknown",
    "id": "voc61xa57p8"
  },
  {
    "timestamp": "2026-02-14T21:22:42.941Z",
    "actorUid": "test-e2e-user",
    "actorEmail": "test@example.com",
    "actorRole": "SUPER_ADMIN",
    "action": "LINK_ACCOUNT",
    "targetType": "linked_account",
    "targetId": "7pwt1o3gidh",
    "details": {
      "provider": "github"
    },
    "ip": "unknown",
    "userAgent": "unknown",
    "id": "y62k1f0a3nc"
  },
  {
    "timestamp": "2026-02-14T21:23:47.649Z",
    "actorUid": "test-e2e-user",
    "actorEmail": "test@example.com",
    "actorRole": "SUPER_ADMIN",
    "action": "LINK_ACCOUNT",
    "targetType": "linked_account",
    "targetId": "cxlbfjd1gb",
    "details": {
      "provider": "github"
    },
    "ip": "unknown",
    "userAgent": "unknown",
    "id": "ffgg8nnq8rl"
  },
  {
    "timestamp": "2026-02-14T21:25:12.826Z",
    "actorUid": "test-e2e-user",
    "actorEmail": "test@example.com",
    "actorRole": "SUPER_ADMIN",
    "action": "LINK_ACCOUNT",
    "targetType": "linked_account",
    "targetId": "b9ltb9oot4",
    "details": {
      "provider": "github"
    },
    "ip": "unknown",
    "userAgent": "unknown",
    "id": "e6gchadipj7"
  },
  {
    "timestamp": "2026-02-14T21:25:12.829Z",
    "actorUid": "test-e2e-user",
    "actorEmail": "test@example.com",
    "actorRole": "SUPER_ADMIN",
    "action": "UNLINK_ACCOUNT",
    "targetType": "linked_account",
    "targetId": "b9ltb9oot4",
    "details": {
      "provider": "github"
    },
    "ip": "unknown",
    "userAgent": "unknown",
    "id": "k7bohwdio0a"
  },
  {
    "timestamp": "2026-02-14T21:25:44.591Z",
    "actorUid": "test-e2e-user",
    "actorEmail": "test@example.com",
    "actorRole": "SUPER_ADMIN",
    "action": "LINK_ACCOUNT",
    "targetType": "linked_account",
    "targetId": "c1u65zuikbn",
    "details": {
      "provider": "github"
    },
    "ip": "unknown",
    "userAgent": "unknown",
    "id": "mfkh5hjc9r"
  },
  {
    "timestamp": "2026-02-14T21:25:44.594Z",
    "actorUid": "test-e2e-user",
    "actorEmail": "test@example.com",
    "actorRole": "SUPER_ADMIN",
    "action": "UNLINK_ACCOUNT",
    "targetType": "linked_account",
    "targetId": "c1u65zuikbn",
    "details": {
      "provider": "github"
    },
    "ip": "unknown",
    "userAgent": "unknown",
    "id": "6m0naoinwx4"
  },
  {
    "timestamp": "2026-02-14T21:56:59.745Z",
    "actorUid": "test-e2e-user",
    "actorEmail": "test@example.com",
    "actorRole": "SUPER_ADMIN",
    "action": "ACCOUNT_DEACTIVATION",
    "targetType": "user",
    "targetId": "test-e2e-user",
    "details": {
      "reason": "User requested deactivation"
    },
    "ip": "unknown",
    "userAgent": "unknown",
    "id": "637n6drzvy"
  },
  {
    "timestamp": "2026-02-14T22:01:56.013Z",
    "actorUid": "test-e2e-user",
    "actorEmail": "test@example.com",
    "actorRole": "SUPER_ADMIN",
    "action": "ACCOUNT_DEACTIVATION",
    "targetType": "user",
    "targetId": "test-e2e-user",
    "details": {
      "reason": "User requested deactivation"
    },
    "ip": "unknown",
    "userAgent": "unknown",
    "id": "0v8iseqotsu"
  },
  {
    "timestamp": "2026-02-14T22:02:53.949Z",
    "actorUid": "test-e2e-user",
    "actorEmail": "test@example.com",
    "actorRole": "SUPER_ADMIN",
    "action": "INITIATE_DPA",
    "targetType": "dpa_record",
    "targetId": "abnl6njukx5",
    "details": {
      "organizationId": "test-e2e-user"
    },
    "ip": "unknown",
    "userAgent": "unknown",
    "id": "p1i6yyre1hd"
  },
  {
    "timestamp": "2026-02-14T22:02:53.955Z",
    "actorUid": "test-e2e-user",
    "actorEmail": "test@example.com",
    "actorRole": "SUPER_ADMIN",
    "action": "REVOKE_DPA",
    "targetType": "dpa_record",
    "targetId": "abnl6njukx5",
    "details": {},
    "ip": "unknown",
    "userAgent": "unknown",
    "id": "wywgxwbqkt"
  },
  {
    "timestamp": "2026-02-14T22:02:53.958Z",
    "actorUid": "test-e2e-user",
    "actorEmail": "test@example.com",
    "actorRole": "SUPER_ADMIN",
    "action": "ADD_ORG_CONTACT",
    "targetType": "org_contact",
    "targetId": "wi4acg2771j",
    "details": {
      "organizationId": "test-e2e-user"
    },
    "ip": "unknown",
    "userAgent": "unknown",
    "id": "xwkb4oy5s"
  },
  {
    "timestamp": "2026-02-14T22:02:53.960Z",
    "actorUid": "test-e2e-user",
    "actorEmail": "test@example.com",
    "actorRole": "SUPER_ADMIN",
    "action": "UPDATE_ORG_CONTACT",
    "targetType": "org_contact",
    "targetId": "wi4acg2771j",
    "details": {},
    "ip": "unknown",
    "userAgent": "unknown",
    "id": "90wole85gck"
  },
  {
    "timestamp": "2026-02-14T22:02:53.962Z",
    "actorUid": "test-e2e-user",
    "actorEmail": "test@example.com",
    "actorRole": "SUPER_ADMIN",
    "action": "DELETE_ORG_CONTACT",
    "targetType": "org_contact",
    "targetId": "wi4acg2771j",
    "details": {},
    "ip": "unknown",
    "userAgent": "unknown",
    "id": "ksc6ht39xqe"
  },
  {
    "timestamp": "2026-02-14T22:04:44.905Z",
    "actorUid": "test-e2e-user",
    "actorEmail": "test@example.com",
    "actorRole": "SUPER_ADMIN",
    "action": "LINK_ACCOUNT",
    "targetType": "linked_account",
    "targetId": "v6rwx2tk2s",
    "details": {
      "provider": "google"
    },
    "ip": "unknown",
    "userAgent": "unknown",
    "id": "j96j5j3v7j8"
  }
]