[
  {
    "name": "ISO 27001",
    "standard": "Information Security",
    "region": "Global",
    "valid_from": "2024-01-01",
    "valid_to": "2025-01-01",
    "createdAt": "2026-02-14T21:59:21.350Z",
    "updatedAt": "2026-02-14T21:59:21.350Z",
    "active": true
  },
  {
    "id": "7i368uun0xm",
    "name": "ISO 27001 Updated",
    "standard": "Information Security",
    "region": "Global",
    "valid_from": "2024-01-01",
    "valid_to": "2025-01-01",
    "createdAt": "2026-02-14T21:59:56.330Z",
    "updatedAt": "2026-02-14T21:59:56.346Z",
    "active": false
  }
]