[
  {
    "organization_id": "org-123",
    "initiated_by_user_id": "test-e2e-user",
    "status": "initiated",
    "document_url": "https://example.com/dpa.pdf",
    "initiated_at": "2026-02-10T23:44:18.345Z",
    "signed_at": null,
    "created_at": "2026-02-10T23:44:18.345Z",
    "updated_at": "2026-02-10T23:44:18.345Z",
    "id": "wooblcejbwo"
  },
  {
    "organization_id": "test-e2e-user",
    "initiated_by_user_id": "test-e2e-user",
    "status": "revoked",
    "document_url": "https://example.com/dpa.pdf",
    "initiated_at": "2026-02-14T22:02:53.948Z",
    "signed_at": null,
    "created_at": "2026-02-14T22:02:53.949Z",
    "updated_at": "2026-02-14T22:02:53.955Z",
    "id": "abnl6njukx5"
  }
]