[
  {
    "user_id": "test-e2e-user",
    "provider": "github",
    "provider_user_id": "mock-github-1770767058331",
    "email": "user-at-github@example.com",
    "linked_at": "2026-02-10T23:44:18.331Z",
    "last_used_at": null,
    "created_at": "2026-02-10T23:44:18.331Z",
    "updated_at": "2026-02-10T23:44:18.336Z",
    "id": "75c0pqrytyj",
    "deletedAt": "2026-02-10T23:44:18.335Z"
  },
  {
    "user_id": "test-e2e-user",
    "provider": "github",
    "provider_user_id": "mock-github-1771104162940",
    "email": "user-at-github@example.com",
    "linked_at": "2026-02-14T21:22:42.940Z",
    "last_used_at": null,
    "created_at": "2026-02-14T21:22:42.940Z",
    "updated_at": "2026-02-14T21:22:42.940Z",
    "id": "7pwt1o3gidh"
  },
  {
    "user_id": "test-e2e-user",
    "provider": "github",
    "provider_user_id": "mock-github-1771104227649",
    "email": "user-at-github@example.com",
    "linked_at": "2026-02-14T21:23:47.649Z",
    "last_used_at": null,
    "created_at": "2026-02-14T21:23:47.649Z",
    "updated_at": "2026-02-14T21:23:47.649Z",
    "id": "cxlbfjd1gb"
  },
  {
    "user_id": "test-e2e-user",
    "provider": "github",
    "provider_user_id": "mock-github-1771104312826",
    "email": "user-at-github@example.com",
    "linked_at": "2026-02-14T21:25:12.826Z",
    "last_used_at": null,
    "created_at": "2026-02-14T21:25:12.826Z",
    "updated_at": "2026-02-14T21:25:12.829Z",
    "id": "b9ltb9oot4",
    "deletedAt": "2026-02-14T21:25:12.829Z"
  },
  {
    "user_id": "test-e2e-user",
    "provider": "github",
    "provider_user_id": "mock-github-1771104344591",
    "email": "user-at-github@example.com",
    "linked_at": "2026-02-14T21:25:44.591Z",
    "last_used_at": null,
    "created_at": "2026-02-14T21:25:44.591Z",
    "updated_at": "2026-02-14T21:25:44.594Z",
    "id": "c1u65zuikbn",
    "deletedAt": "2026-02-14T21:25:44.594Z"
  },
  {
    "user_id": "test-e2e-user",
    "provider": "google",
    "provider_user_id": "mock-google-1771106684904",
    "email": "user-at-google@example.com",
    "linked_at": "2026-02-14T22:04:44.904Z",
    "last_used_at": null,
    "id": "v6rwx2tk2s"
  }
]