[
  {
    "user_id": "test-e2e-user",
    "user_agent": "node-fetch",
    "ip": "::1",
    "country": "Unknown",
    "city": "Unknown",
    "device_label": "Unknown on Unknown",
    "last_seen_at": "2026-02-14T21:12:42.131Z",
    "created_at": "2026-02-14T21:12:42.134Z",
    "updated_at": "2026-02-14T21:12:42.134Z",
    "id": "14w27hnluxsi"
  },
  {
    "user_id": "test-e2e-user",
    "user_agent": "node-fetch",
    "ip": "::1",
    "country": "Unknown",
    "city": "Unknown",
    "device_label": "Unknown on Unknown",
    "last_seen_at": "2026-02-14T21:13:13.166Z",
    "created_at": "2026-02-14T21:13:13.166Z",
    "updated_at": "2026-02-14T21:13:13.166Z",
    "id": "nxr82u6ocp"
  },
  {
    "user_id": "test-e2e-user",
    "user_agent": "node-fetch",
    "ip": "::1",
    "country": "Unknown",
    "city": "Unknown",
    "device_label": "Unknown on Unknown",
    "last_seen_at": "2026-02-14T21:22:42.933Z",
    "created_at": "2026-02-14T21:22:42.933Z",
    "updated_at": "2026-02-14T21:22:42.933Z",
    "id": "s61pcyddihf"
  },
  {
    "user_id": "test-e2e-user",
    "user_agent": "node-fetch",
    "ip": "::1",
    "country": "Unknown",
    "city": "Unknown",
    "device_label": "Unknown on Unknown",
    "last_seen_at": "2026-02-14T21:23:47.640Z",
    "created_at": "2026-02-14T21:23:47.640Z",
    "updated_at": "2026-02-14T21:23:47.640Z",
    "id": "nfxknzh7p"
  },
  {
    "user_id": "test-e2e-user",
    "user_agent": "node-fetch",
    "ip": "::1",
    "country": "Unknown",
    "city": "Unknown",
    "device_label": "Unknown on Unknown",
    "last_seen_at": "2026-02-14T21:25:12.818Z",
    "created_at": "2026-02-14T21:25:12.818Z",
    "updated_at": "2026-02-14T21:25:12.818Z",
    "id": "le1kgz7e3o9"
  },
  {
    "user_id": "test-e2e-user",
    "user_agent": "node-fetch",
    "ip": "::1",
    "country": "Unknown",
    "city": "Unknown",
    "device_label": "Unknown on Unknown",
    "last_seen_at": "2026-02-14T21:25:44.583Z",
    "created_at": "2026-02-14T21:25:44.583Z",
    "updated_at": "2026-02-14T21:25:44.583Z",
    "id": "ay6bw1zrs5i"
  }
]