[
  {
    "title": "Audited Task Final",
    "description": "Testing audit logs and task management.",
    "status": "Completed",
    "priority": "High",
    "category": "QA",
    "created_at": "2026-02-10T02:20:03.229Z",
    "updated_at": "2026-02-10T02:20:44.111Z",
    "createdBy": "test-e2e-user",
    "id": "wdyi4i0rg2"
  },
  {
    "uid": "test-e2e-user",
    "title": "E2E Test Task",
    "description": "Auto-generated by verification script",
    "fromName": "",
    "fromPhone": "",
    "category": "General",
    "priority": "High",
    "status": "Pending",
    "notes": "",
    "created_at": "2026-02-14T21:51:20.000Z",
    "updated_at": "2026-02-14T21:51:20.000Z",
    "deletedAt": null,
    "id": "hv5xzrutka"
  },
  {
    "uid": "test-e2e-user",
    "title": "E2E Test Task",
    "description": "Auto-generated by verification script",
    "fromName": "",
    "fromPhone": "",
    "category": "General",
    "priority": "High",
    "status": "Pending",
    "notes": "",
    "created_at": "2026-02-14T21:51:44.768Z",
    "updated_at": "2026-02-14T21:51:44.768Z",
    "deletedAt": null,
    "id": "2qogdf6xago"
  },
  {
    "uid": "test-e2e-user",
    "title": "E2E Test Task",
    "description": "Auto-generated by verification script",
    "fromName": "",
    "fromPhone": "",
    "category": "General",
    "priority": "High",
    "status": "deleted",
    "notes": "",
    "created_at": "2026-02-14T21:52:01.323Z",
    "updated_at": "2026-02-14T21:52:01.335Z",
    "deletedAt": "2026-02-14T21:52:01.336Z",
    "id": "rqua602cupn"
  },
  {
    "uid": "test-e2e-user",
    "title": "E2E Test Task",
    "description": "Auto-generated by verification script",
    "fromName": "",
    "fromPhone": "",
    "category": "General",
    "priority": "High",
    "status": "deleted",
    "notes": "",
    "created_at": "2026-02-14T21:52:14.585Z",
    "updated_at": "2026-02-14T21:52:14.588Z",
    "deletedAt": "2026-02-14T21:52:14.588Z",
    "id": "4iqtvqmciau"
  },
  {
    "uid": "test-e2e-user",
    "title": "E2E Test Task",
    "description": "Auto-generated by verification script",
    "fromName": "",
    "fromPhone": "",
    "category": "General",
    "priority": "High",
    "status": "deleted",
    "notes": "",
    "created_at": "2026-02-14T21:52:59.610Z",
    "updated_at": "2026-02-14T21:52:59.613Z",
    "deletedAt": "2026-02-14T21:52:59.614Z",
    "id": "eyydx1lpiab"
  },
  {
    "uid": "test-e2e-user",
    "title": "E2E Test Task",
    "description": "Auto-generated by verification script",
    "fromName": "",
    "fromPhone": "",
    "category": "General",
    "priority": "High",
    "status": "deleted",
    "notes": "",
    "created_at": "2026-02-14T21:57:09.699Z",
    "updated_at": "2026-02-14T21:57:09.724Z",
    "deletedAt": "2026-02-14T21:57:09.725Z",
    "id": "aqi1u68v7lq"
  },
  {
    "uid": "test-e2e-user",
    "title": "Valid Task",
    "description": "",
    "fromName": "",
    "fromPhone": "",
    "category": "General",
    "priority": "High",
    "status": "Pending",
    "notes": "",
    "created_at": "2026-02-14T22:04:09.182Z",
    "updated_at": "2026-02-14T22:04:09.182Z",
    "deletedAt": null,
    "id": "sifezskqm9r"
  },
  {
    "uid": "test-e2e-user",
    "title": "Valid Task",
    "description": "",
    "fromName": "",
    "fromPhone": "",
    "category": "General",
    "priority": "High",
    "status": "Pending",
    "notes": "",
    "created_at": "2026-02-14T22:04:44.899Z",
    "updated_at": "2026-02-14T22:04:44.899Z",
    "deletedAt": null,
    "id": "uhae2orzfks"
  },
  {
    "uid": "test-e2e-user",
    "title": "E2E Test Task",
    "description": "Auto-generated by verification script",
    "fromName": "",
    "fromPhone": "",
    "category": "General",
    "priority": "High",
    "status": "deleted",
    "notes": "",
    "created_at": "2026-02-15T23:39:24.621Z",
    "updated_at": "2026-02-15T23:39:24.673Z",
    "deletedAt": "2026-02-15T23:39:24.675Z",
    "id": "zp3wm0n133"
  },
  {
    "uid": "test-e2e-user",
    "title": "E2E Test Task",
    "description": "Auto-generated by verification script",
    "fromName": "",
    "fromPhone": "",
    "category": "General",
    "priority": "High",
    "status": "deleted",
    "notes": "",
    "created_at": "2026-02-16T00:26:12.287Z",
    "updated_at": "2026-02-16T00:26:12.300Z",
    "deletedAt": "2026-02-16T00:26:12.318Z",
    "id": "4yyqgrcek2b"
  },
  {
    "uid": "test-e2e-user",
    "title": "Walkthrough Task",
    "description": "created during walkthrough",
    "fromName": "",
    "fromPhone": "",
    "category": "General",
    "priority": "Medium",
    "status": "deleted",
    "notes": "",
    "created_at": "2026-02-16T00:37:09.753Z",
    "updated_at": "2026-02-16T00:37:09.753Z",
    "deletedAt": "2026-02-16T00:37:27.289Z",
    "id": "ljxwijugole"
  },
  {
    "uid": "test-e2e-user",
    "title": "Walkthrough Task",
    "description": "created during walkthrough",
    "fromName": "",
    "fromPhone": "",
    "category": "General",
    "priority": "Medium",
    "status": "deleted",
    "notes": "",
    "created_at": "2026-02-16T00:39:46.540Z",
    "updated_at": "2026-02-16T00:39:46.540Z",
    "deletedAt": "2026-02-16T00:39:57.165Z",
    "id": "p3vbg15r7ei"
  },
  {
    "uid": "test-e2e-user",
    "title": "Walkthrough Task",
    "description": "created during walkthrough",
    "fromName": "",
    "fromPhone": "",
    "category": "General",
    "priority": "Medium",
    "status": "deleted",
    "notes": "",
    "created_at": "2026-02-16T00:43:26.367Z",
    "updated_at": "2026-02-16T00:43:26.367Z",
    "deletedAt": "2026-02-16T00:43:38.045Z",
    "id": "3hm5byoc9rm"
  },
  {
    "uid": "test-e2e-user",
    "title": "Walkthrough Task",
    "description": "created during walkthrough",
    "fromName": "",
    "fromPhone": "",
    "category": "General",
    "priority": "Medium",
    "status": "deleted",
    "notes": "",
    "created_at": "2026-02-16T00:49:04.370Z",
    "updated_at": "2026-02-16T00:49:04.370Z",
    "deletedAt": "2026-02-16T00:49:07.344Z",
    "id": "kt9zfc3ywb"
  },
  {
    "uid": "test-e2e-user",
    "title": "UI Walkthrough Task",
    "description": "Created via Playwright",
    "fromName": "UI Walkthrough Task",
    "fromPhone": "",
    "category": "Other",
    "priority": "Medium",
    "status": "Pending",
    "notes": "",
    "created_at": "2026-02-16T01:16:25.782Z",
    "updated_at": "2026-02-16T01:16:25.782Z",
    "deletedAt": null,
    "id": "8tytnzsks23"
  },
  {
    "uid": "test-e2e-user",
    "title": "UI Walkthrough Task",
    "description": "Created via Playwright",
    "fromName": "UI Walkthrough Task",
    "fromPhone": "",
    "category": "Other",
    "priority": "Medium",
    "status": "Pending",
    "notes": "",
    "created_at": "2026-02-16T01:17:09.364Z",
    "updated_at": "2026-02-16T01:17:09.364Z",
    "deletedAt": null,
    "id": "cdyzshwcp7u"
  },
  {
    "uid": "test-e2e-user",
    "title": "UI Walkthrough Task",
    "description": "Created via Playwright",
    "fromName": "UI Walkthrough Task",
    "fromPhone": "",
    "category": "Other",
    "priority": "Medium",
    "status": "Pending",
    "notes": "",
    "created_at": "2026-02-16T01:17:43.072Z",
    "updated_at": "2026-02-16T01:17:43.072Z",
    "deletedAt": null,
    "id": "0vocksq0yld"
  },
  {
    "uid": "test-e2e-user",
    "title": "UI Walkthrough Task",
    "description": "Created via Playwright",
    "fromName": "UI Walkthrough Task",
    "fromPhone": "",
    "category": "Other",
    "priority": "Medium",
    "status": "deleted",
    "notes": "",
    "created_at": "2026-02-16T01:18:27.413Z",
    "updated_at": "2026-02-16T01:18:27.413Z",
    "deletedAt": "2026-02-16T01:18:29.718Z",
    "id": "uxr1ax2k0p8"
  },
  {
    "uid": "test-e2e-user",
    "title": "UI Walkthrough Task",
    "description": "Created via Playwright",
    "fromName": "UI Walkthrough Task",
    "fromPhone": "",
    "category": "Other",
    "priority": "Medium",
    "status": "deleted",
    "notes": "",
    "created_at": "2026-02-16T01:19:05.823Z",
    "updated_at": "2026-02-16T01:19:05.824Z",
    "deletedAt": "2026-02-16T01:19:08.176Z",
    "id": "x997wlohqoe"
  },
  {
    "uid": "test-e2e-user",
    "title": "UI Walkthrough Task 1771204779335",
    "description": "Created via Playwright",
    "fromName": "UI Walkthrough Task 1771204779335",
    "fromPhone": "",
    "category": "Other",
    "priority": "Medium",
    "status": "deleted",
    "notes": "",
    "created_at": "2026-02-16T01:19:39.639Z",
    "updated_at": "2026-02-16T01:19:39.639Z",
    "deletedAt": "2026-02-16T01:19:42.205Z",
    "id": "3jgnjq7u91b"
  },
  {
    "uid": "test-e2e-user",
    "title": "E2E Tester",
    "description": "E2E Task 1771300043863",
    "fromName": "E2E Tester",
    "fromPhone": "",
    "category": "Other",
    "priority": "Medium",
    "status": "deleted",
    "notes": "",
    "created_at": "2026-02-17T03:47:24.196Z",
    "updated_at": "2026-02-17T03:47:24.196Z",
    "deletedAt": "2026-02-17T03:47:24.364Z",
    "id": "b3uk37ohddo"
  },
  {
    "uid": "test-e2e-user",
    "title": "E2E Tester",
    "description": "E2E Task 1771300182397",
    "fromName": "E2E Tester",
    "fromPhone": "",
    "category": "Other",
    "priority": "Medium",
    "status": "deleted",
    "notes": "",
    "created_at": "2026-02-17T03:49:42.566Z",
    "updated_at": "2026-02-17T03:49:42.566Z",
    "deletedAt": "2026-02-17T03:49:42.869Z",
    "id": "i140suzb11"
  },
  {
    "uid": "test-e2e-user",
    "title": "E2E Tester",
    "description": "E2E Task 1771300378061",
    "fromName": "E2E Tester",
    "fromPhone": "",
    "category": "Other",
    "priority": "Medium",
    "status": "deleted",
    "notes": "",
    "created_at": "2026-02-17T03:52:58.448Z",
    "updated_at": "2026-02-17T03:52:58.448Z",
    "deletedAt": "2026-02-17T03:52:58.575Z",
    "id": "25sbg74y48c"
  },
  {
    "uid": "test-e2e-user",
    "title": "E2E Tester",
    "description": "E2E Task 1771300650114",
    "fromName": "E2E Tester",
    "fromPhone": "",
    "category": "Other",
    "priority": "Medium",
    "status": "deleted",
    "notes": "",
    "created_at": "2026-02-17T03:57:30.947Z",
    "updated_at": "2026-02-17T03:57:30.947Z",
    "deletedAt": "2026-02-17T03:57:31.719Z",
    "id": "180jvpai7yz"
  },
  {
    "uid": "test-e2e-user",
    "title": "E2E Tester",
    "description": "E2E Task 1771300739007",
    "fromName": "E2E Tester",
    "fromPhone": "",
    "category": "Other",
    "priority": "Medium",
    "status": "deleted",
    "notes": "",
    "created_at": "2026-02-17T03:58:59.424Z",
    "updated_at": "2026-02-17T03:58:59.424Z",
    "deletedAt": "2026-02-17T03:58:59.518Z",
    "id": "kht6pcoyg9"
  },
  {
    "uid": "test-e2e-user",
    "title": "Call supplier",
    "description": "Quick 5-min follow-up",
    "fromName": "",
    "fromPhone": "",
    "category": "General",
    "priority": "High",
    "status": "Pending",
    "notes": "",
    "reminderAt": "2026-02-17T04:16:38.472Z",
    "reminderSent": false,
    "shareToken": null,
    "created_at": "2026-02-17T04:06:38.525Z",
    "updated_at": "2026-02-17T04:06:38.525Z",
    "deletedAt": null,
    "id": "vvonr4t584r"
  },
  {
    "uid": "test-e2e-user",
    "title": "Prepare quarterly report",
    "description": "Finance + ops metrics, 3 hours",
    "fromName": "",
    "fromPhone": "",
    "category": "General",
    "priority": "Medium",
    "status": "In Progress",
    "notes": "",
    "reminderAt": "2026-02-18T06:00:00.000Z",
    "reminderSent": false,
    "shareToken": "t5kbh5hloejas905af5vc",
    "created_at": "2026-02-17T04:06:38.531Z",
    "updated_at": "2026-02-17T04:06:38.535Z",
    "deletedAt": null,
    "id": "b929fe0pfgj"
  }
]