[
  {
    "uid": "test-e2e-user",
    "email": "test@example.com",
    "name": "Test User",
    "picture": "",
    "password_hash": "$argon2id$v=19$m=65536,t=3,p=4$Y8I88DlCN5x/7SX592U9YQ$TWsxUC/lrBnXSb89LjiBRiN82Hj00H6OCDhrrzrBdPk",
    "created_at": "2026-02-14T21:22:42.908Z",
    "updated_at": "2026-02-14T21:22:42.908Z"
  },
  {
    "uid": "test-e2e-user",
    "email": "test@example.com",
    "name": "Test User",
    "picture": "",
    "password_hash": "$argon2id$v=19$m=65536,t=3,p=4$O6MGfHfw9L7tLenJ/O7ceg$MH7OECIiUX7Ih/VYgPtCmcLXtFgOYcoccsCFjBxnJQQ",
    "created_at": "2026-02-14T21:23:47.612Z",
    "updated_at": "2026-02-14T21:25:44.551Z",
    "id": "test-e2e-user",
    "status": "deactivated",
    "deactivatedAt": "2026-02-14T22:01:56.006Z"
  }
]