[
  {
    "user_id": "test-e2e-user",
    "email": "test-1770762392792@example.com",
    "is_primary": false,
    "is_verified": false,
    "verification_token_hash": "efcd16629b0df03bd1af93a18a676832307a2f0aa530829f6f409eca781d9e32",
    "verification_expires_at": "2026-02-11T22:26:32.804Z",
    "created_at": "2026-02-10T22:26:32.805Z",
    "updated_at": "2026-02-10T22:26:32.805Z",
    "id": "otnq2f7bq8"
  },
  {
    "user_id": "test-e2e-user",
    "email": "test-1770762425724@example.com",
    "is_primary": false,
    "is_verified": false,
    "verification_token_hash": "290cecd76f2f3175a190fcb0981edc045f39c4f7bdd1a81901972e930bbfd8ea",
    "verification_expires_at": "2026-02-11T22:27:05.725Z",
    "created_at": "2026-02-10T22:27:05.725Z",
    "updated_at": "2026-02-10T22:27:05.725Z",
    "id": "ezdx63v518h"
  },
  {
    "user_id": "test-e2e-user",
    "email": "test-1770762480006@example.com",
    "is_primary": false,
    "is_verified": false,
    "verification_token_hash": "1b2f2d5fe0da8d2f4cbb29889e8b740e613fdc370fce1c2b807af1e2f3e91244",
    "verification_expires_at": "2026-02-11T22:28:00.009Z",
    "created_at": "2026-02-10T22:28:00.009Z",
    "updated_at": "2026-02-10T22:28:00.009Z",
    "id": "cynbbdg5dvj"
  },
  {
    "user_id": "test-e2e-user",
    "email": "test-1770762496607@example.com",
    "is_primary": false,
    "is_verified": false,
    "verification_token_hash": "ff921904e0cd5f64df59be9026cdb7d3c3f9df44856df3b7da71a12cf4855b08",
    "verification_expires_at": "2026-02-11T22:28:16.608Z",
    "created_at": "2026-02-10T22:28:16.608Z",
    "updated_at": "2026-02-10T22:28:16.608Z",
    "id": "2o7xgpbl8s8"
  }
]